state,bachelor,income_trend
NSW,0.0,38337.57
NSW,1.0,39218.44
NSW,2.0,40099.32
NSW,3.0,40980.19
NSW,4.0,41861.07
NSW,5.0,42741.94
NSW,6.0,43622.81
NSW,7.0,44503.69
NSW,8.0,45384.56
NSW,9.0,46265.44
NSW,10.0,47146.31
NSW,11.0,48027.18
NSW,12.0,48908.06
NSW,13.0,49788.93
NSW,14.0,50669.81
NSW,15.0,51550.68
NSW,16.0,52431.56
NSW,17.0,53312.43
NSW,18.0,54193.3
NSW,19.0,55074.18
NSW,20.0,55955.05
NSW,21.0,56835.93
NSW,22.0,57716.8
NSW,23.0,58597.67
NSW,24.0,59478.55
NSW,25.0,60359.42
NSW,26.0,61240.3
NSW,27.0,62121.17
NSW,28.0,63002.04
NSW,29.0,63882.92
NSW,30.0,64763.79
NSW,31.0,65644.67
NSW,32.0,66525.54
NSW,33.0,67406.42
NSW,34.0,68287.29
NSW,35.0,69168.16
NSW,36.0,70049.04
NSW,37.0,70929.91
NSW,38.0,71810.79
NSW,39.0,72691.66
NSW,40.0,73572.53
NSW,41.0,74453.41
NSW,42.0,75334.28
NSW,43.0,76215.16
NSW,44.0,77096.03
NSW,45.0,77976.91
NSW,46.0,78857.78
NSW,47.0,79738.65
NSW,48.0,80619.53
NSW,49.0,81500.4
NSW,50.0,82381.28
NSW,51.0,83262.15
NSW,52.0,84143.02
NSW,53.0,85023.9
NSW,54.0,85904.77
NSW,55.0,86785.65
NSW,56.0,87666.52
NSW,57.0,88547.39
NSW,58.0,89428.27
NSW,59.0,90309.14
NSW,60.0,91190.02
NSW,61.0,92070.89
NSW,62.0,92951.77
NSW,63.0,93832.64
NSW,64.0,94713.51
NSW,65.0,95594.39
VIC,0.0,38924.65
VIC,1.0,39623.39
VIC,2.0,40322.13
VIC,3.0,41020.87
VIC,4.0,41719.61
VIC,5.0,42418.34
VIC,6.0,43117.08
VIC,7.0,43815.82
VIC,8.0,44514.56
VIC,9.0,45213.3
VIC,10.0,45912.04
VIC,11.0,46610.77
VIC,12.0,47309.51
VIC,13.0,48008.25
VIC,14.0,48706.99
VIC,15.0,49405.73
VIC,16.0,50104.46
VIC,17.0,50803.2
VIC,18.0,51501.94
VIC,19.0,52200.68
VIC,20.0,52899.42
VIC,21.0,53598.16
VIC,22.0,54296.89
VIC,23.0,54995.63
VIC,24.0,55694.37
VIC,25.0,56393.11
VIC,26.0,57091.85
VIC,27.0,57790.59
VIC,28.0,58489.32
VIC,29.0,59188.06
VIC,30.0,59886.8
VIC,31.0,60585.54
VIC,32.0,61284.28
VIC,33.0,61983.02
VIC,34.0,62681.75
VIC,35.0,63380.49
VIC,36.0,64079.23
VIC,37.0,64777.97
VIC,38.0,65476.71
VIC,39.0,66175.45
VIC,40.0,66874.18
VIC,41.0,67572.92
VIC,42.0,68271.66
VIC,43.0,68970.4
VIC,44.0,69669.14
VIC,45.0,70367.88
VIC,46.0,71066.61
VIC,47.0,71765.35
VIC,48.0,72464.09
VIC,49.0,73162.83
VIC,50.0,73861.57
VIC,51.0,74560.31
VIC,52.0,75259.04
VIC,53.0,75957.78
VIC,54.0,76656.52
VIC,55.0,77355.26
VIC,56.0,78054.0
VIC,57.0,78752.73
VIC,58.0,79451.47
VIC,59.0,80150.21
VIC,60.0,80848.95
VIC,61.0,81547.69
VIC,62.0,82246.43
VIC,63.0,82945.16
VIC,64.0,83643.9
VIC,65.0,84342.64
QLD,0.0,35152.9
QLD,1.0,36651.99
QLD,2.0,38151.07
QLD,3.0,39650.15
QLD,4.0,41149.23
QLD,5.0,42648.32
QLD,6.0,44147.4
QLD,7.0,45646.48
QLD,8.0,47145.57
QLD,9.0,48644.65
QLD,10.0,50143.73
QLD,11.0,51642.81
QLD,12.0,53141.9
QLD,13.0,54640.98
QLD,14.0,56140.06
QLD,15.0,57639.14
QLD,16.0,59138.23
QLD,17.0,60637.31
QLD,18.0,62136.39
QLD,19.0,63635.48
QLD,20.0,65134.56
QLD,21.0,66633.64
QLD,22.0,68132.72
QLD,23.0,69631.81
QLD,24.0,71130.89
QLD,25.0,72629.97
QLD,26.0,74129.05
QLD,27.0,75628.14
QLD,28.0,77127.22
QLD,29.0,78626.3
QLD,30.0,80125.39
QLD,31.0,81624.47
QLD,32.0,83123.55
QLD,33.0,84622.63
QLD,34.0,86121.72
QLD,35.0,87620.8
QLD,36.0,89119.88
QLD,37.0,90618.96
QLD,38.0,92118.05
QLD,39.0,93617.13
QLD,40.0,95116.21
QLD,41.0,96615.3
QLD,42.0,98114.38
QLD,43.0,99613.46
QLD,44.0,101112.54
QLD,45.0,102611.63
QLD,46.0,104110.71
QLD,47.0,105609.79
QLD,48.0,107108.87
QLD,49.0,108607.96
QLD,50.0,110107.04
QLD,51.0,111606.12
QLD,52.0,113105.21
QLD,53.0,114604.29
QLD,54.0,116103.37
QLD,55.0,117602.45
QLD,56.0,119101.54
QLD,57.0,120000.0
QLD,58.0,120000.0
QLD,59.0,120000.0
QLD,60.0,120000.0
QLD,61.0,120000.0
QLD,62.0,120000.0
QLD,63.0,120000.0
QLD,64.0,120000.0
QLD,65.0,120000.0
SA,0.0,39012.58
SA,1.0,39722.91
SA,2.0,40433.24
SA,3.0,41143.57
SA,4.0,41853.9
SA,5.0,42564.23
SA,6.0,43274.56
SA,7.0,43984.89
SA,8.0,44695.22
SA,9.0,45405.55
SA,10.0,46115.88
SA,11.0,46826.21
SA,12.0,47536.54
SA,13.0,48246.87
SA,14.0,48957.2
SA,15.0,49667.53
SA,16.0,50377.86
SA,17.0,51088.19
SA,18.0,51798.53
SA,19.0,52508.86
SA,20.0,53219.19
SA,21.0,53929.52
SA,22.0,54639.85
SA,23.0,55350.18
SA,24.0,56060.51
SA,25.0,56770.84
SA,26.0,57481.17
SA,27.0,58191.5
SA,28.0,58901.83
SA,29.0,59612.16
SA,30.0,60322.49
SA,31.0,61032.82
SA,32.0,61743.15
SA,33.0,62453.48
SA,34.0,63163.81
SA,35.0,63874.14
SA,36.0,64584.47
SA,37.0,65294.81
SA,38.0,66005.14
SA,39.0,66715.47
SA,40.0,67425.8
SA,41.0,68136.13
SA,42.0,68846.46
SA,43.0,69556.79
SA,44.0,70267.12
SA,45.0,70977.45
SA,46.0,71687.78
SA,47.0,72398.11
SA,48.0,73108.44
SA,49.0,73818.77
SA,50.0,74529.1
SA,51.0,75239.43
SA,52.0,75949.76
SA,53.0,76660.09
SA,54.0,77370.42
SA,55.0,78080.76
SA,56.0,78791.09
SA,57.0,79501.42
SA,58.0,80211.75
SA,59.0,80922.08
SA,60.0,81632.41
SA,61.0,82342.74
SA,62.0,83053.07
SA,63.0,83763.4
SA,64.0,84473.73
SA,65.0,85184.06
WA,0.0,42935.64
WA,1.0,43717.63
WA,2.0,44499.61
WA,3.0,45281.6
WA,4.0,46063.59
WA,5.0,46845.57
WA,6.0,47627.56
WA,7.0,48409.54
WA,8.0,49191.53
WA,9.0,49973.52
WA,10.0,50755.5
WA,11.0,51537.49
WA,12.0,52319.48
WA,13.0,53101.46
WA,14.0,53883.45
WA,15.0,54665.44
WA,16.0,55447.42
WA,17.0,56229.41
WA,18.0,57011.39
WA,19.0,57793.38
WA,20.0,58575.37
WA,21.0,59357.35
WA,22.0,60139.34
WA,23.0,60921.33
WA,24.0,61703.31
WA,25.0,62485.3
WA,26.0,63267.29
WA,27.0,64049.27
WA,28.0,64831.26
WA,29.0,65613.24
WA,30.0,66395.23
WA,31.0,67177.22
WA,32.0,67959.2
WA,33.0,68741.19
WA,34.0,69523.18
WA,35.0,70305.16
WA,36.0,71087.15
WA,37.0,71869.13
WA,38.0,72651.12
WA,39.0,73433.11
WA,40.0,74215.09
WA,41.0,74997.08
WA,42.0,75779.07
WA,43.0,76561.05
WA,44.0,77343.04
WA,45.0,78125.03
WA,46.0,78907.01
WA,47.0,79689.0
WA,48.0,80470.98
WA,49.0,81252.97
WA,50.0,82034.96
WA,51.0,82816.94
WA,52.0,83598.93
WA,53.0,84380.92
WA,54.0,85162.9
WA,55.0,85944.89
WA,56.0,86726.88
WA,57.0,87508.86
WA,58.0,88290.85
WA,59.0,89072.83
WA,60.0,89854.82
WA,61.0,90636.81
WA,62.0,91418.79
WA,63.0,92200.78
WA,64.0,92982.77
WA,65.0,93764.75
TAS,0.0,42705.71
TAS,1.0,42995.81
TAS,2.0,43285.9
TAS,3.0,43576.0
TAS,4.0,43866.1
TAS,5.0,44156.2
TAS,6.0,44446.3
TAS,7.0,44736.4
TAS,8.0,45026.49
TAS,9.0,45316.59
TAS,10.0,45606.69
TAS,11.0,45896.79
TAS,12.0,46186.89
TAS,13.0,46476.99
TAS,14.0,46767.08
TAS,15.0,47057.18
TAS,16.0,47347.28
TAS,17.0,47637.38
TAS,18.0,47927.48
TAS,19.0,48217.58
TAS,20.0,48507.67
TAS,21.0,48797.77
TAS,22.0,49087.87
TAS,23.0,49377.97
TAS,24.0,49668.07
TAS,25.0,49958.17
TAS,26.0,50248.26
TAS,27.0,50538.36
TAS,28.0,50828.46
TAS,29.0,51118.56
TAS,30.0,51408.66
TAS,31.0,51698.76
TAS,32.0,51988.85
TAS,33.0,52278.95
TAS,34.0,52569.05
TAS,35.0,52859.15
TAS,36.0,53149.25
TAS,37.0,53439.35
TAS,38.0,53729.44
TAS,39.0,54019.54
TAS,40.0,54309.64
TAS,41.0,54599.74
TAS,42.0,54889.84
TAS,43.0,55179.94
TAS,44.0,55470.03
TAS,45.0,55760.13
TAS,46.0,56050.23
TAS,47.0,56340.33
TAS,48.0,56630.43
TAS,49.0,56920.53
TAS,50.0,57210.62
TAS,51.0,57500.72
TAS,52.0,57790.82
TAS,53.0,58080.92
TAS,54.0,58371.02
TAS,55.0,58661.11
TAS,56.0,58951.21
TAS,57.0,59241.31
TAS,58.0,59531.41
TAS,59.0,59821.51
TAS,60.0,60111.61
TAS,61.0,60401.7
TAS,62.0,60691.8
TAS,63.0,60981.9
TAS,64.0,61272.0
TAS,65.0,61562.1
NT,0.0,22938.0
NT,1.0,25431.73
NT,2.0,27925.47
NT,3.0,30419.21
NT,4.0,32912.94
NT,5.0,35406.68
NT,6.0,37900.41
NT,7.0,40394.15
NT,8.0,42887.89
NT,9.0,45381.62
NT,10.0,47875.36
NT,11.0,50369.1
NT,12.0,52862.83
NT,13.0,55356.57
NT,14.0,57850.3
NT,15.0,60344.04
NT,16.0,62837.78
NT,17.0,65331.51
NT,18.0,67825.25
NT,19.0,70318.99
NT,20.0,72812.72
NT,21.0,75306.46
NT,22.0,77800.19
NT,23.0,80293.93
NT,24.0,82787.67
NT,25.0,85281.4
NT,26.0,87775.14
NT,27.0,90268.87
NT,28.0,92762.61
NT,29.0,95256.35
NT,30.0,97750.08
NT,31.0,100243.82
NT,32.0,102737.56
NT,33.0,105231.29
NT,34.0,107725.03
NT,35.0,110218.76
NT,36.0,112712.5
NT,37.0,115206.24
NT,38.0,117699.97
NT,39.0,120000.0
NT,40.0,120000.0
NT,41.0,120000.0
NT,42.0,120000.0
NT,43.0,120000.0
NT,44.0,120000.0
NT,45.0,120000.0
NT,46.0,120000.0
NT,47.0,120000.0
NT,48.0,120000.0
NT,49.0,120000.0
NT,50.0,120000.0
NT,51.0,120000.0
NT,52.0,120000.0
NT,53.0,120000.0
NT,54.0,120000.0
NT,55.0,120000.0
NT,56.0,120000.0
NT,57.0,120000.0
NT,58.0,120000.0
NT,59.0,120000.0
NT,60.0,120000.0
NT,61.0,120000.0
NT,62.0,120000.0
NT,63.0,120000.0
NT,64.0,120000.0
NT,65.0,120000.0
ACT,0.0,69743.0
ACT,1.0,69743.0
ACT,2.0,69743.0
ACT,3.0,69743.0
ACT,4.0,69743.0
ACT,5.0,69743.0
ACT,6.0,69743.0
ACT,7.0,69743.0
ACT,8.0,69743.0
ACT,9.0,69743.0
ACT,10.0,69743.0
ACT,11.0,69743.0
ACT,12.0,69743.0
ACT,13.0,69743.0
ACT,14.0,69743.0
ACT,15.0,69743.0
ACT,16.0,69743.0
ACT,17.0,69743.0
ACT,18.0,69743.0
ACT,19.0,69743.0
ACT,20.0,69743.0
ACT,21.0,69743.0
ACT,22.0,69743.0
ACT,23.0,69743.0
ACT,24.0,69743.0
ACT,25.0,69743.0
ACT,26.0,69743.0
ACT,27.0,69743.0
ACT,28.0,69743.0
ACT,29.0,69743.0
ACT,30.0,69743.0
ACT,31.0,69743.0
ACT,32.0,69743.0
ACT,33.0,69743.0
ACT,34.0,69743.0
ACT,35.0,69743.0
ACT,36.0,69743.0
ACT,37.0,69743.0
ACT,38.0,69743.0
ACT,39.0,69743.0
ACT,40.0,69743.0
ACT,41.0,69743.0
ACT,42.0,69743.0
ACT,43.0,69743.0
ACT,44.0,69743.0
ACT,45.0,69743.0
ACT,46.0,69743.0
ACT,47.0,69743.0
ACT,48.0,69743.0
ACT,49.0,69743.0
ACT,50.0,69743.0
ACT,51.0,69743.0
ACT,52.0,69743.0
ACT,53.0,69743.0
ACT,54.0,69743.0
ACT,55.0,69743.0
ACT,56.0,69743.0
ACT,57.0,69743.0
ACT,58.0,69743.0
ACT,59.0,69743.0
ACT,60.0,69743.0
ACT,61.0,69743.0
ACT,62.0,69743.0
ACT,63.0,69743.0
ACT,64.0,69743.0
ACT,65.0,69743.0
