state,income,unemployment_trend
NSW,0.0,6.906
NSW,2000.0,6.811
NSW,4000.0,6.716
NSW,6000.0,6.62
NSW,8000.0,6.525
NSW,10000.0,6.43
NSW,12000.0,6.334
NSW,14000.0,6.239
NSW,16000.0,6.144
NSW,18000.0,6.049
NSW,20000.0,5.953
NSW,22000.0,5.858
NSW,24000.0,5.763
NSW,26000.0,5.668
NSW,28000.0,5.572
NSW,30000.0,5.477
NSW,32000.0,5.382
NSW,34000.0,5.287
NSW,36000.0,5.191
NSW,38000.0,5.096
NSW,40000.0,5.001
NSW,42000.0,4.905
NSW,44000.0,4.81
NSW,46000.0,4.715
NSW,48000.0,4.62
NSW,50000.0,4.524
NSW,52000.0,4.429
NSW,54000.0,4.334
NSW,56000.0,4.239
NSW,58000.0,4.143
NSW,60000.0,4.048
NSW,62000.0,3.953
NSW,64000.0,3.858
NSW,66000.0,3.762
NSW,68000.0,3.667
NSW,70000.0,3.572
NSW,72000.0,3.476
NSW,74000.0,3.381
NSW,76000.0,3.286
NSW,78000.0,3.191
NSW,80000.0,3.095
NSW,82000.0,3.0
NSW,84000.0,2.905
NSW,86000.0,2.81
NSW,88000.0,2.714
NSW,90000.0,2.619
NSW,92000.0,2.524
NSW,94000.0,2.428
NSW,96000.0,2.333
NSW,98000.0,2.238
NSW,100000.0,2.143
NSW,102000.0,2.047
NSW,104000.0,1.952
NSW,106000.0,1.857
NSW,108000.0,1.762
NSW,110000.0,1.666
NSW,112000.0,1.571
NSW,114000.0,1.476
NSW,116000.0,1.381
NSW,118000.0,1.285
NSW,120000.0,1.19
VIC,0.0,2.767
VIC,2000.0,2.825
VIC,4000.0,2.883
VIC,6000.0,2.94
VIC,8000.0,2.998
VIC,10000.0,3.056
VIC,12000.0,3.114
VIC,14000.0,3.172
VIC,16000.0,3.23
VIC,18000.0,3.287
VIC,20000.0,3.345
VIC,22000.0,3.403
VIC,24000.0,3.461
VIC,26000.0,3.519
VIC,28000.0,3.577
VIC,30000.0,3.634
VIC,32000.0,3.692
VIC,34000.0,3.75
VIC,36000.0,3.808
VIC,38000.0,3.866
VIC,40000.0,3.924
VIC,42000.0,3.981
VIC,44000.0,4.039
VIC,46000.0,4.097
VIC,48000.0,4.155
VIC,50000.0,4.213
VIC,52000.0,4.271
VIC,54000.0,4.328
VIC,56000.0,4.386
VIC,58000.0,4.444
VIC,60000.0,4.502
VIC,62000.0,4.56
VIC,64000.0,4.618
VIC,66000.0,4.675
VIC,68000.0,4.733
VIC,70000.0,4.791
VIC,72000.0,4.849
VIC,74000.0,4.907
VIC,76000.0,4.965
VIC,78000.0,5.022
VIC,80000.0,5.08
VIC,82000.0,5.138
VIC,84000.0,5.196
VIC,86000.0,5.254
VIC,88000.0,5.311
VIC,90000.0,5.369
VIC,92000.0,5.427
VIC,94000.0,5.485
VIC,96000.0,5.543
VIC,98000.0,5.601
VIC,100000.0,5.658
VIC,102000.0,5.716
VIC,104000.0,5.774
VIC,106000.0,5.832
VIC,108000.0,5.89
VIC,110000.0,5.948
VIC,112000.0,6.005
VIC,114000.0,6.063
VIC,116000.0,6.121
VIC,118000.0,6.179
VIC,120000.0,6.237
QLD,0.0,21.553
QLD,2000.0,20.918
QLD,4000.0,20.283
QLD,6000.0,19.648
QLD,8000.0,19.013
QLD,10000.0,18.378
QLD,12000.0,17.743
QLD,14000.0,17.107
QLD,16000.0,16.472
QLD,18000.0,15.837
QLD,20000.0,15.202
QLD,22000.0,14.567
QLD,24000.0,13.932
QLD,26000.0,13.297
QLD,28000.0,12.662
QLD,30000.0,12.026
QLD,32000.0,11.391
QLD,34000.0,10.756
QLD,36000.0,10.121
QLD,38000.0,9.486
QLD,40000.0,8.851
QLD,42000.0,8.216
QLD,44000.0,7.58
QLD,46000.0,6.945
QLD,48000.0,6.31
QLD,50000.0,5.675
QLD,52000.0,5.04
QLD,54000.0,4.405
QLD,56000.0,3.77
QLD,58000.0,3.135
QLD,60000.0,2.499
QLD,62000.0,1.864
QLD,64000.0,1.229
QLD,66000.0,0.594
QLD,68000.0,0.0
QLD,70000.0,0.0
QLD,72000.0,0.0
QLD,74000.0,0.0
QLD,76000.0,0.0
QLD,78000.0,0.0
QLD,80000.0,0.0
QLD,82000.0,0.0
QLD,84000.0,0.0
QLD,86000.0,0.0
QLD,88000.0,0.0
QLD,90000.0,0.0
QLD,92000.0,0.0
QLD,94000.0,0.0
QLD,96000.0,0.0
QLD,98000.0,0.0
QLD,100000.0,0.0
QLD,102000.0,0.0
QLD,104000.0,0.0
QLD,106000.0,0.0
QLD,108000.0,0.0
QLD,110000.0,0.0
QLD,112000.0,0.0
QLD,114000.0,0.0
QLD,116000.0,0.0
QLD,118000.0,0.0
QLD,120000.0,0.0
SA,0.0,9.666
SA,2000.0,9.469
SA,4000.0,9.272
SA,6000.0,9.075
SA,8000.0,8.878
SA,10000.0,8.681
SA,12000.0,8.484
SA,14000.0,8.287
SA,16000.0,8.09
SA,18000.0,7.893
SA,20000.0,7.696
SA,22000.0,7.498
SA,24000.0,7.301
SA,26000.0,7.104
SA,28000.0,6.907
SA,30000.0,6.71
SA,32000.0,6.513
SA,34000.0,6.316
SA,36000.0,6.119
SA,38000.0,5.922
SA,40000.0,5.725
SA,42000.0,5.528
SA,44000.0,5.331
SA,46000.0,5.133
SA,48000.0,4.936
SA,50000.0,4.739
SA,52000.0,4.542
SA,54000.0,4.345
SA,56000.0,4.148
SA,58000.0,3.951
SA,60000.0,3.754
SA,62000.0,3.557
SA,64000.0,3.36
SA,66000.0,3.163
SA,68000.0,2.966
SA,70000.0,2.769
SA,72000.0,2.571
SA,74000.0,2.374
SA,76000.0,2.177
SA,78000.0,1.98
SA,80000.0,1.783
SA,82000.0,1.586
SA,84000.0,1.389
SA,86000.0,1.192
SA,88000.0,0.995
SA,90000.0,0.798
SA,92000.0,0.601
SA,94000.0,0.404
SA,96000.0,0.207
SA,98000.0,0.009
SA,100000.0,0.0
SA,102000.0,0.0
SA,104000.0,0.0
SA,106000.0,0.0
SA,108000.0,0.0
SA,110000.0,0.0
SA,112000.0,0.0
SA,114000.0,0.0
SA,116000.0,0.0
SA,118000.0,0.0
SA,120000.0,0.0
WA,0.0,5.656
WA,2000.0,5.614
WA,4000.0,5.573
WA,6000.0,5.532
WA,8000.0,5.49
WA,10000.0,5.449
WA,12000.0,5.408
WA,14000.0,5.366
WA,16000.0,5.325
WA,18000.0,5.284
WA,20000.0,5.243
WA,22000.0,5.201
WA,24000.0,5.16
WA,26000.0,5.119
WA,28000.0,5.077
WA,30000.0,5.036
WA,32000.0,4.995
WA,34000.0,4.953
WA,36000.0,4.912
WA,38000.0,4.871
WA,40000.0,4.829
WA,42000.0,4.788
WA,44000.0,4.747
WA,46000.0,4.705
WA,48000.0,4.664
WA,50000.0,4.623
WA,52000.0,4.582
WA,54000.0,4.54
WA,56000.0,4.499
WA,58000.0,4.458
WA,60000.0,4.416
WA,62000.0,4.375
WA,64000.0,4.334
WA,66000.0,4.292
WA,68000.0,4.251
WA,70000.0,4.21
WA,72000.0,4.168
WA,74000.0,4.127
WA,76000.0,4.086
WA,78000.0,4.044
WA,80000.0,4.003
WA,82000.0,3.962
WA,84000.0,3.921
WA,86000.0,3.879
WA,88000.0,3.838
WA,90000.0,3.797
WA,92000.0,3.755
WA,94000.0,3.714
WA,96000.0,3.673
WA,98000.0,3.631
WA,100000.0,3.59
WA,102000.0,3.549
WA,104000.0,3.507
WA,106000.0,3.466
WA,108000.0,3.425
WA,110000.0,3.383
WA,112000.0,3.342
WA,114000.0,3.301
WA,116000.0,3.26
WA,118000.0,3.218
WA,120000.0,3.177
TAS,0.0,9.332
TAS,2000.0,9.173
TAS,4000.0,9.014
TAS,6000.0,8.856
TAS,8000.0,8.697
TAS,10000.0,8.538
TAS,12000.0,8.379
TAS,14000.0,8.22
TAS,16000.0,8.061
TAS,18000.0,7.902
TAS,20000.0,7.743
TAS,22000.0,7.584
TAS,24000.0,7.426
TAS,26000.0,7.267
TAS,28000.0,7.108
TAS,30000.0,6.949
TAS,32000.0,6.79
TAS,34000.0,6.631
TAS,36000.0,6.472
TAS,38000.0,6.313
TAS,40000.0,6.154
TAS,42000.0,5.995
TAS,44000.0,5.837
TAS,46000.0,5.678
TAS,48000.0,5.519
TAS,50000.0,5.36
TAS,52000.0,5.201
TAS,54000.0,5.042
TAS,56000.0,4.883
TAS,58000.0,4.724
TAS,60000.0,4.565
TAS,62000.0,4.407
TAS,64000.0,4.248
TAS,66000.0,4.089
TAS,68000.0,3.93
TAS,70000.0,3.771
TAS,72000.0,3.612
TAS,74000.0,3.453
TAS,76000.0,3.294
TAS,78000.0,3.135
TAS,80000.0,2.976
TAS,82000.0,2.818
TAS,84000.0,2.659
TAS,86000.0,2.5
TAS,88000.0,2.341
TAS,90000.0,2.182
TAS,92000.0,2.023
TAS,94000.0,1.864
TAS,96000.0,1.705
TAS,98000.0,1.546
TAS,100000.0,1.387
TAS,102000.0,1.229
TAS,104000.0,1.07
TAS,106000.0,0.911
TAS,108000.0,0.752
TAS,110000.0,0.593
TAS,112000.0,0.434
TAS,114000.0,0.275
TAS,116000.0,0.116
TAS,118000.0,0.0
TAS,120000.0,0.0
NT,0.0,27.823
NT,2000.0,27.129
NT,4000.0,26.435
NT,6000.0,25.741
NT,8000.0,25.046
NT,10000.0,24.352
NT,12000.0,23.658
NT,14000.0,22.964
NT,16000.0,22.269
NT,18000.0,21.575
NT,20000.0,20.881
NT,22000.0,20.187
NT,24000.0,19.493
NT,26000.0,18.798
NT,28000.0,18.104
NT,30000.0,17.41
NT,32000.0,16.716
NT,34000.0,16.021
NT,36000.0,15.327
NT,38000.0,14.633
NT,40000.0,13.939
NT,42000.0,13.245
NT,44000.0,12.55
NT,46000.0,11.856
NT,48000.0,11.162
NT,50000.0,10.468
NT,52000.0,9.773
NT,54000.0,9.079
NT,56000.0,8.385
NT,58000.0,7.691
NT,60000.0,6.996
NT,62000.0,6.302
NT,64000.0,5.608
NT,66000.0,4.914
NT,68000.0,4.22
NT,70000.0,3.525
NT,72000.0,2.831
NT,74000.0,2.137
NT,76000.0,1.443
NT,78000.0,0.748
NT,80000.0,0.054
NT,82000.0,0.0
NT,84000.0,0.0
NT,86000.0,0.0
NT,88000.0,0.0
NT,90000.0,0.0
NT,92000.0,0.0
NT,94000.0,0.0
NT,96000.0,0.0
NT,98000.0,0.0
NT,100000.0,0.0
NT,102000.0,0.0
NT,104000.0,0.0
NT,106000.0,0.0
NT,108000.0,0.0
NT,110000.0,0.0
NT,112000.0,0.0
NT,114000.0,0.0
NT,116000.0,0.0
NT,118000.0,0.0
NT,120000.0,0.0
ACT,0.0,3.8
ACT,2000.0,3.8
ACT,4000.0,3.8
ACT,6000.0,3.8
ACT,8000.0,3.8
ACT,10000.0,3.8
ACT,12000.0,3.8
ACT,14000.0,3.8
ACT,16000.0,3.8
ACT,18000.0,3.8
ACT,20000.0,3.8
ACT,22000.0,3.8
ACT,24000.0,3.8
ACT,26000.0,3.8
ACT,28000.0,3.8
ACT,30000.0,3.8
ACT,32000.0,3.8
ACT,34000.0,3.8
ACT,36000.0,3.8
ACT,38000.0,3.8
ACT,40000.0,3.8
ACT,42000.0,3.8
ACT,44000.0,3.8
ACT,46000.0,3.8
ACT,48000.0,3.8
ACT,50000.0,3.8
ACT,52000.0,3.8
ACT,54000.0,3.8
ACT,56000.0,3.8
ACT,58000.0,3.8
ACT,60000.0,3.8
ACT,62000.0,3.8
ACT,64000.0,3.8
ACT,66000.0,3.8
ACT,68000.0,3.8
ACT,70000.0,3.8
ACT,72000.0,3.8
ACT,74000.0,3.8
ACT,76000.0,3.8
ACT,78000.0,3.8
ACT,80000.0,3.8
ACT,82000.0,3.8
ACT,84000.0,3.8
ACT,86000.0,3.8
ACT,88000.0,3.8
ACT,90000.0,3.8
ACT,92000.0,3.8
ACT,94000.0,3.8
ACT,96000.0,3.8
ACT,98000.0,3.8
ACT,100000.0,3.8
ACT,102000.0,3.8
ACT,104000.0,3.8
ACT,106000.0,3.8
ACT,108000.0,3.8
ACT,110000.0,3.8
ACT,112000.0,3.8
ACT,114000.0,3.8
ACT,116000.0,3.8
ACT,118000.0,3.8
ACT,120000.0,3.8
