Code,Label,Year,Estimated resident population (no.),Population density (persons/km2),Median age - persons (years),Net internal migration (no.),Net overseas migration (no.),Median household income (weekly $),Median employee income ($),Median total income ($),Unemployment rate (%),Participation rate (%),Completed year 12 (%),Bachelor degree (%),Number of jobs,State,Migration total,Opportunity score,Pressure score
17200,Sydney,2025,241797.0,9064.1,42.209981718464356,-3965.0,7305.0,829.5825716026812,51362.68905317535,49669.19890151097,6.1556027024052264,58.07239488117001,42.03150517976843,10.745169645769778,38781.39796843893,NSW,3340.0,53.466012963270735,77.87144756523185
18050,Waverley,2025,73345.0,7843.9,42.209981718464356,-1479.0,1378.0,829.5825716026812,51362.68905317535,49669.19890151097,6.1556027024052264,58.07239488117001,42.03150517976843,10.745169645769778,38781.39796843893,NSW,-101.0,53.466012963270735,59.29408343028088
15950,North Sydney,2025,73705.0,7025.5,42.209981718464356,-1126.0,1264.0,829.5825716026812,51362.68905317535,49669.19890151097,6.1556027024052264,58.07239488117001,42.03150517976843,10.745169645769778,38781.39796843893,NSW,138.0,53.466012963270735,63.939255442911744
11300,Burwood,2025,43927.0,6162.4,42.209981718464356,-670.0,1184.0,829.5825716026812,51362.68905317535,49669.19890151097,6.1556027024052264,58.07239488117001,42.03150517976843,10.745169645769778,38781.39796843893,NSW,514.0,53.466012963270735,65.24887817849427
25900,Port Phillip,2025,114434.0,5551.2,42.209981718464356,-759.0,2477.0,829.5825716026812,51362.68905317535,49669.19890151097,6.1556027024052264,58.07239488117001,42.03150517976843,10.745169645769778,38781.39796843893,VIC,1718.0,53.466012963270735,77.30305800232674
14170,Inner West,2025,193125.0,5484.7,42.209981718464356,-1784.0,2904.0,829.5825716026812,51362.68905317535,49669.19890151097,6.1556027024052264,58.07239488117001,42.03150517976843,10.745169645769778,38781.39796843893,NSW,1120.0,53.466012963270735,76.89837128136945
27350,Yarra,2025,101356.0,5186.5,42.209981718464356,-1121.0,2001.0,829.5825716026812,51362.68905317535,49669.19890151097,6.1556027024052264,58.07239488117001,42.03150517976843,10.745169645769778,38781.39796843893,VIC,880.0,53.466012963270735,76.5934020275885
24600,Melbourne,2025,194481.0,5179.9,42.209981718464356,-2283.0,8647.0,829.5825716026812,51362.68905317535,49669.19890151097,6.1556027024052264,58.07239488117001,42.03150517976843,10.745169645769778,38781.39796843893,VIC,6364.0,53.466012963270735,77.93377098221704
11520,Canada Bay,2025,93006.0,4668.1,42.209981718464356,-1081.0,1341.0,829.5825716026812,51362.68905317535,49669.19890151097,6.1556027024052264,58.07239488117001,42.03150517976843,10.745169645769778,38781.39796843893,NSW,260.0,53.466012963270735,64.34726607944158
18500,Woollahra,2025,55218.0,4504.5,42.209981718464356,-956.0,837.0,829.5825716026812,51362.68905317535,49669.19890151097,6.1556027024052264,58.07239488117001,42.03150517976843,10.745169645769778,38781.39796843893,NSW,-119.0,53.466012963270735,58.969170683064654
26350,Stonnington,2025,114789.0,4475.0,42.209981718464356,-1096.0,2264.0,829.5825716026812,51362.68905317535,49669.19890151097,6.1556027024052264,58.07239488117001,42.03150517976843,10.745169645769778,38781.39796843893,VIC,1168.0,53.466012963270735,76.76541465846768
12930,Georges River,2025,163919.0,4275.7,42.209981718464356,-1831.0,3468.0,829.5825716026812,51362.68905317535,49669.19890151097,6.1556027024052264,58.07239488117001,42.03150517976843,10.745169645769778,38781.39796843893,NSW,1637.0,53.466012963270735,77.04545454545453
22310,Glen Eira,2025,163025.0,4213.5,42.209981718464356,-1008.0,2876.0,829.5825716026812,51362.68905317535,49669.19890151097,6.1556027024052264,58.07239488117001,42.03150517976843,10.745169645769778,38781.39796843893,VIC,1868.0,53.466012963270735,77.1410171181652
14700,Lane Cove,2025,43094.0,4112.5,42.209981718464356,-327.0,535.0,829.5825716026812,51362.68905317535,49669.19890151097,6.1556027024052264,58.07239488117001,42.03150517976843,10.745169645769778,38781.39796843893,NSW,208.0,53.466012963270735,63.98579026092738
16550,Randwick,2025,146484.0,4031.9,42.209981718464356,-2746.0,3951.0,829.5825716026812,51362.68905317535,49669.19890151097,6.1556027024052264,58.07239488117001,42.03150517976843,10.745169645769778,38781.39796843893,NSW,1205.0,53.466012963270735,76.6856406847266
58570,Vincent,2025,42392.0,3726.1,42.209981718464356,-414.0,919.0,829.5825716026812,51362.68905317535,49669.19890151097,6.1556027024052264,58.07239488117001,42.03150517976843,10.745169645769778,38781.39796843893,WA,505.0,53.466012963270735,64.81760013295661
25250,Moreland,2025,189108.0,3711.5,42.209981718464356,-1067.0,3422.0,829.5825716026812,51362.68905317535,49669.19890151097,6.1556027024052264,58.07239488117001,42.03150517976843,10.745169645769778,38781.39796843893,VIC,2355.0,53.466012963270735,77.15597473824165
10500,Bayside (NSW),2025,187770.0,3709.4,42.209981718464356,-3143.0,3927.0,829.5825716026812,51362.68905317535,49669.19890151097,6.1556027024052264,58.07239488117001,42.03150517976843,10.745169645769778,38781.39796843893,NSW,784.0,53.466012963270735,76.11974405850091
18250,Willoughby,2025,80520.0,3590.5,42.209981718464356,-972.0,1556.0,829.5825716026812,51362.68905317535,49669.19890151097,6.1556027024052264,58.07239488117001,42.03150517976843,10.745169645769778,38781.39796843893,NSW,584.0,53.466012963270735,75.83638025594149
57980,Subiaco,2025,20038.0,3566.6,42.209981718464356,34.0,383.0,829.5825716026812,51362.68905317535,49669.19890151097,6.1556027024052264,58.07239488117001,42.03150517976843,10.745169645769778,38781.39796843893,WA,417.0,53.466012963270735,64.62730596642844
11570,Canterbury-Bankstown,2025,389687.0,3535.0,42.209981718464356,-4541.0,5825.0,829.5825716026812,51362.68905317535,49669.19890151097,6.1556027024052264,58.07239488117001,42.03150517976843,10.745169645769778,38781.39796843893,NSW,1284.0,53.466012963270735,76.58675419644341
12380,Cumberland,2025,256906.0,3531.4,42.209981718464356,-4093.0,5685.0,829.5825716026812,51362.68905317535,49669.19890151097,6.1556027024052264,58.07239488117001,42.03150517976843,10.745169645769778,38781.39796843893,NSW,1592.0,53.466012963270735,76.78120325743726
17100,Strathfield,2025,49203.0,3514.3,42.209981718464356,-926.0,1205.0,829.5825716026812,51362.68905317535,49669.19890151097,6.1556027024052264,58.07239488117001,42.03150517976843,10.745169645769778,38781.39796843893,NSW,279.0,53.466012963270735,64.06057836130962
16700,Ryde,2025,141693.0,3500.8,42.209981718464356,-993.0,2697.0,829.5825716026812,51362.68905317535,49669.19890151097,6.1556027024052264,58.07239488117001,42.03150517976843,10.745169645769778,38781.39796843893,NSW,1704.0,53.466012963270735,76.80447066644507
15350,Mosman,2025,29374.0,3395.7,42.209981718464356,-399.0,430.0,829.5825716026812,51362.68905317535,49669.19890151097,6.1556027024052264,58.07239488117001,42.03150517976843,10.745169645769778,38781.39796843893,NSW,31.0,53.466012963270735,61.90751204919395
16260,Parramatta,2025,279014.0,3328.3,42.209981718464356,-4567.0,6151.0,829.5825716026812,51362.68905317535,49669.19890151097,6.1556027024052264,58.07239488117001,42.03150517976843,10.745169645769778,38781.39796843893,NSW,1584.0,53.466012963270735,76.60337377430612
21890,Darebin,2025,162496.0,3038.9,42.209981718464356,-452.0,3084.0,829.5825716026812,51362.68905317535,49669.19890151097,6.1556027024052264,58.07239488117001,42.03150517976843,10.745169645769778,38781.39796843893,VIC,2632.0,53.466012963270735,76.83438590659797
24330,Maribyrnong,2025,94672.0,3031.9,42.209981718464356,-1673.0,1985.0,829.5825716026812,51362.68905317535,49669.19890151097,6.1556027024052264,58.07239488117001,42.03150517976843,10.745169645769778,38781.39796843893,VIC,312.0,53.466012963270735,63.861974405850084
25060,Moonee Valley,2025,130501.0,3025.2,42.209981718464356,-916.0,1837.0,829.5825716026812,51362.68905317535,49669.19890151097,6.1556027024052264,58.07239488117001,42.03150517976843,10.745169645769778,38781.39796843893,VIC,921.0,53.466012963270735,75.91199933521688
46510,Prospect,2025,23459.0,3010.8,42.209981718464356,-310.0,361.0,829.5825716026812,51362.68905317535,49669.19890151097,6.1556027024052264,58.07239488117001,42.03150517976843,10.745169645769778,38781.39796843893,SA,51.0,53.466012963270735,62.15846767492105
