Location,metric,raw_value,metric_id,normalised_value,city_order
Adelaide,Max temp,22.78106617647059,avg_MaxTemp,0.4741258498223198,25
Adelaide,Min temp,12.525310059715205,avg_MinTemp,0.45352184863230216,25
Adelaide,Rainfall,1.5255419415645617,avg_Rainfall,0.19375676400029382,25
Adelaide,Humidity 3pm,44.996780128794846,avg_Humidity3pm,0.45702792947503007,25
Adelaide,Wind gust,36.50323774283071,avg_WindGustSpeed,0.4216141302516397,25
Adelaide,Sunshine,7.755278470490442,avg_Sunshine,0.4351175046254087,25
Adelaide,Rain tomorrow rate,0.23094582185491278,rain_probability,0.5391008080189086,25
Albany,Max temp,20.003743842364532,avg_MaxTemp,0.3538624737208389,41
Albany,Min temp,12.901591248135256,avg_MinTemp,0.4728413917521974,41
Albany,Rainfall,2.208439646712463,avg_Rainfall,0.3268933331682745,41
Albany,Humidity 3pm,67.52088607594938,avg_Humidity3pm,0.9522443589877019,41
Albany,Wind gust,40.00855815115693,avg_WindGustSpeed,0.6002372316907207,41
Albany,Sunshine,6.629655575014594,avg_Sunshine,0.0799825111966832,41
Albany,Rain tomorrow rate,0.29205265724037055,rain_probability,0.7415103354159872,41
Albury,Max temp,22.529285380663243,avg_MaxTemp,0.46322325916171675,27
Albury,Min temp,9.497053320860617,avg_MinTemp,0.298040951779429,27
Albury,Rainfall,2.039530516431925,avg_Rainfall,0.2939630978824085,27
Albury,Humidity 3pm,48.1033193080879,avg_Humidity3pm,0.5253284979468755,27
Albury,Wind gust,32.85473289597001,avg_WindGustSpeed,0.23569467769210417,27
Albury,Sunshine,7.647679004727114,avg_Sunshine,0.4011697804627442,27
Albury,Rain tomorrow rate,0.20681605975723621,rain_probability,0.4591736818375882,27
AliceSprings,Max temp,29.295516753185463,avg_MaxTemp,0.7562140360515718,5
AliceSprings,Min temp,13.219641170915958,avg_MinTemp,0.4891711456345036,5
AliceSprings,Rainfall,0.8812677388836329,avg_Rainfall,0.06815016684560327,5
AliceSprings,Humidity 3pm,24.25390070921986,avg_Humidity3pm,0.0009736599704285946,5
AliceSprings,Wind gust,40.460287081339715,avg_WindGustSpeed,0.623256303592777,5
AliceSprings,Sunshine,9.54570938215103,avg_Sunshine,1.0,5
AliceSprings,Rain tomorrow rate,0.08069844266163284,rain_probability,0.041423243417047284,5
BadgerysCreek,Max temp,23.962187346738595,avg_MaxTemp,0.52527065853862,21
BadgerysCreek,Min temp,11.132578740157479,avg_MinTemp,0.38201433347959873,21
BadgerysCreek,Rainfall,2.115542228885557,avg_Rainfall,0.3087822113987849,21
BadgerysCreek,Humidity 3pm,51.163609320773425,avg_Humidity3pm,0.592612229292797,21
BadgerysCreek,Wind gust,33.496796451453925,avg_WindGustSpeed,0.2684127662665815,21
BadgerysCreek,Sunshine,7.647679004727114,avg_Sunshine,0.4011697804627442,21
BadgerysCreek,Rain tomorrow rate,0.19598236158745713,rain_probability,0.4232882737212086,21
Ballarat,Max temp,18.234276284771333,avg_MaxTemp,0.27724113965206765,45
Ballarat,Min temp,7.284865629420085,avg_MinTemp,0.18445978745511268,45
Ballarat,Rainfall,1.5237240075614367,avg_Rainfall,0.19340234269484008,45
Ballarat,Humidity 3pm,58.847425602267364,avg_Humidity3pm,0.7615491039851959,45
Ballarat,Wind gust,44.64194008559201,avg_WindGustSpeed,0.836343765437173,45
Ballarat,Sunshine,7.647679004727114,avg_Sunshine,0.4011697804627442,45
Ballarat,Rain tomorrow rate,0.2525918944392083,rain_probability,0.6108009917078974,45
Bendigo,Max temp,21.429587482219063,avg_MaxTemp,0.41560423405451064,32
Bendigo,Min temp,8.524549763033175,avg_MinTemp,0.24810934478470204,32
Bendigo,Rainfall,1.556905552918842,avg_Rainfall,0.19987136005318648,32
Bendigo,Humidity 3pm,46.859174964438125,avg_Humidity3pm,0.4979746610795587,32
Bendigo,Wind gust,38.86749879980797,avg_WindGustSpeed,0.5420914599718548,32
Bendigo,Sunshine,7.647679004727114,avg_Sunshine,0.4011697804627442,32
Bendigo,Rain tomorrow rate,0.17772511848341233,rain_probability,0.3628132069802671,32
Brisbane,Max temp,26.411874431301182,avg_MaxTemp,0.6313468008588151,8
Brisbane,Min temp,16.374988631196,avg_MinTemp,0.651177308028892,8
Brisbane,Rainfall,3.170339761248852,avg_Rainfall,0.514423735110285,8
Brisbane,Humidity 3pm,53.66043755697356,avg_Humidity3pm,0.647507654094049,8
Brisbane,Wind gust,28.229433272394882,avg_WindGustSpeed,0.0,8
Brisbane,Sunshine,8.096908167974158,avg_Sunshine,0.5429019685507342,8
Brisbane,Rain tomorrow rate,0.22343324250681199,rain_probability,0.5142162329007539,8
Cairns,Max temp,29.532889100428367,avg_MaxTemp,0.7664927132947565,3
Cairns,Min temp,21.17686815801999,avg_MinTemp,0.8977219704515501,3
Cairns,Rainfall,5.661007194244604,avg_Rainfall,1.0,3
Cairns,Humidity 3pm,61.711565920990004,avg_Humidity3pm,0.8245202756529574,3
Cairns,Wind gust,38.11153662039253,avg_WindGustSpeed,0.5035693583297084,3
Cairns,Sunshine,7.584178610804852,avg_Sunshine,0.38113535146441546,3
Cairns,Rain tomorrow rate,0.3193717277486911,rain_probability,0.8320016874167256,3
Canberra,Max temp,20.9997491638796,avg_MaxTemp,0.39699141165846497,34
Canberra,Min temp,6.790928093645485,avg_MinTemp,0.15909937132322916,34
Canberra,Rainfall,1.7361764705882354,avg_Rainfall,0.2348217116946953,34
Canberra,Humidity 3pm,45.63407469576165,avg_Humidity3pm,0.4710395284588731,34
Canberra,Wind gust,39.95924038906901,avg_WindGustSpeed,0.5977241114637495,34
Canberra,Sunshine,7.411938872970392,avg_Sunshine,0.32679356576526464,34
Canberra,Rain tomorrow rate,0.18595904722106144,rain_probability,0.3900871709140205,34
Cobar,Max temp,25.993444976076557,avg_MaxTemp,0.6132280040855144,10
Cobar,Min temp,13.250742692860564,avg_MinTemp,0.4907680024872901,10
Cobar,Rainfall,1.1014853857211309,avg_Rainfall,0.11108342280645118,10
Cobar,Humidity 3pm,33.624441132637855,avg_Humidity3pm,0.20699495919431402,10
Cobar,Wind gust,36.60766246362755,avg_WindGustSpeed,0.4269353749091423,10
Cobar,Sunshine,8.944935064935065,avg_Sunshine,0.8104551852541662,10
Cobar,Rain tomorrow rate,0.12679425837320574,rain_probability,0.19411045450084555,10
CoffsHarbour,Max temp,23.9947138700291,avg_MaxTemp,0.5266791192908065,20
CoffsHarbour,Min temp,14.453343023255814,avg_MinTemp,0.5525135525016984,20
CoffsHarbour,Rainfall,5.2910063198833255,avg_Rainfall,0.92786526205862,20
CoffsHarbour,Humidity 3pm,62.33641225085075,avg_Humidity3pm,0.8382581869020752,20
CoffsHarbour,Wind gust,39.56648648648648,avg_WindGustSpeed,0.5777102719257278,20
CoffsHarbour,Sunshine,7.454777672658468,avg_Sunshine,0.34030924397940376,20
CoffsHarbour,Rain tomorrow rate,0.2947725072604066,rain_probability,0.750519533056051,20
Dartmoor,Max temp,19.696129656507015,avg_MaxTemp,0.34054219034082533,43
Dartmoor,Min temp,8.581337857489094,avg_MinTemp,0.2510250367547005,43
Dartmoor,Rainfall,2.0426563257392147,avg_Rainfall,0.29457250032132254,43
Dartmoor,Humidity 3pm,62.43003587903639,avg_Humidity3pm,0.8403166019608967,43
Dartmoor,Wind gust,38.80590513068732,avg_WindGustSpeed,0.538952787632171,43
Dartmoor,Sunshine,6.406579693703914,avg_Sunshine,0.009601878427228875,43
Dartmoor,Rain tomorrow rate,0.31253023705853894,rain_probability,0.8093400180870983,43
Darwin,Max temp,32.511411817771766,avg_MaxTemp,0.8954684513226477,1
Darwin,Min temp,23.168907942238267,avg_MinTemp,1.0,1
Darwin,Rainfall,5.314930085701398,avg_Rainfall,0.9325293985443424,1
Darwin,Humidity 3pm,51.73420577617328,avg_Humidity3pm,0.6051573993429938,1
Darwin,Wind gust,40.646118721461185,avg_WindGustSpeed,0.6327258584514891,1
Darwin,Sunshine,8.493044263775971,avg_Sunshine,0.6678832481114931,1
Darwin,Rain tomorrow rate,0.2656743346865133,rain_probability,0.6541351053296232,1
GoldCoast,Max temp,25.748346303501943,avg_MaxTemp,0.6026147621582671,11
GoldCoast,Min temp,17.332766164316965,avg_MinTemp,0.7003528313339292,11
GoldCoast,Rainfall,3.9093610698365526,avg_Rainfall,0.658502066060436,11
GoldCoast,Humidity 3pm,63.0565577766943,avg_Humidity3pm,0.8540913523504388,11
GoldCoast,Wind gust,42.5595,avg_WindGustSpeed,0.730227387098131,11
GoldCoast,Sunshine,7.647679004727114,avg_Sunshine,0.4011697804627442,11
GoldCoast,Rain tomorrow rate,0.2620320855614973,rain_probability,0.6420705642777664,11
Hobart,Max temp,17.91170688114388,avg_MaxTemp,0.26327326670088375,47
Hobart,Min temp,9.095310406431443,avg_MinTemp,0.277414117918783,47
Hobart,Rainfall,1.585075960679178,avg_Rainfall,0.20536341459225085,47
Hobart,Humidity 3pm,52.76177658142665,avg_Humidity3pm,0.6277496365861915,47
Hobart,Wind gust,47.85354896675651,avg_WindGustSpeed,1.0,47
Hobart,Sunshine,6.56042133572389,avg_Sunshine,0.05813904904397652,47
Hobart,Rain tomorrow rate,0.2443054935238946,rain_probability,0.5833532195804191,47
Katherine,Max temp,34.925428571428576,avg_MaxTemp,1.0,0
Katherine,Min temp,20.48672480620155,avg_MinTemp,0.8622876871158626,0
Katherine,Rainfall,2.9268500948766603,avg_Rainfall,0.4669534060049486,0
Katherine,Humidity 3pm,42.21653543307087,avg_Humidity3pm,0.3959012923237824,0
Katherine,Wind gust,38.800575263662516,avg_WindGustSpeed,0.5386811898130481,0
Katherine,Sunshine,7.647679004727114,avg_Sunshine,0.4011697804627442,0
Katherine,Rain tomorrow rate,0.16338028169014085,rain_probability,0.31529754661921217,0
Launceston,Max temp,19.021342346692418,avg_MaxTemp,0.31132260749580415,44
Launceston,Min temp,7.810633156114065,avg_MinTemp,0.21145446248963998,44
Launceston,Rainfall,1.9791384317521783,avg_Rainfall,0.2821891602947544,44
Launceston,Humidity 3pm,57.272243713733076,avg_Humidity3pm,0.7269170545487776,44
Launceston,Wind gust,35.31289537712895,avg_WindGustSpeed,0.3609570089708185,44
Launceston,Sunshine,7.647679004727114,avg_Sunshine,0.4011697804627442,44
Launceston,Rain tomorrow rate,0.2273166023166023,rain_probability,0.527079426009254,44
Melbourne,Max temp,20.864306784660766,avg_MaxTemp,0.3911264972435824,37
Melbourne,Min temp,11.774041297935103,avg_MinTemp,0.4149491809451829,37
Melbourne,Rainfall,1.7365336658354114,avg_Rainfall,0.2348913498694521,37
Melbourne,Humidity 3pm,51.09461856889415,avg_Humidity3pm,0.5910953942230629,37
Melbourne,Wind gust,45.385892116182575,avg_WindGustSpeed,0.8742538573963391,37
Melbourne,Sunshine,6.438842975206612,avg_Sunshine,0.019780971541362862,37
Melbourne,Rain tomorrow rate,0.26017699115044246,rain_probability,0.6359257724447412,37
MelbourneAirport,Max temp,20.551005142589993,avg_MaxTemp,0.37755993611710925,39
MelbourneAirport,Min temp,10.024170172978028,avg_MinTemp,0.32510490572425793,39
MelbourneAirport,Rainfall,1.4557269752220665,avg_Rainfall,0.18014575751227996,39
MelbourneAirport,Humidity 3pm,50.97470725995316,avg_Humidity3pm,0.5884590165390267,39
MelbourneAirport,Wind gust,46.94692343823392,avg_WindGustSpeed,0.9538004390800098,39
MelbourneAirport,Sunshine,6.376145930776427,avg_Sunshine,0.0,39
MelbourneAirport,Rain tomorrow rate,0.2187938288920056,rain_probability,0.49884869649915503,39
Mildura,Max temp,24.783521657250468,avg_MaxTemp,0.5608360071757392,14
Mildura,Min temp,10.724293785310735,avg_MinTemp,0.36105160923742713,14
Mildura,Rainfall,0.9634778510838832,avg_Rainfall,0.08417770978028861,14
Mildura,Humidity 3pm,35.28099952852428,avg_Humidity3pm,0.24341615771002031,14
Mildura,Wind gust,37.36192271442036,avg_WindGustSpeed,0.46537075016579776,14
Mildura,Sunshine,8.449558390578998,avg_Sunshine,0.6541634176477384,14
Mildura,Rain tomorrow rate,0.10969868173258004,rain_probability,0.1374832774169367,14
Moree,Max temp,26.91683168316832,avg_MaxTemp,0.6532124169418738,6
Moree,Min temp,12.85121347201585,avg_MinTemp,0.47025482710858635,6
Moree,Rainfall,1.7229949238578681,avg_Rainfall,0.23225185987826777,6
Moree,Humidity 3pm,35.897766749379656,avg_Humidity3pm,0.2569764411534143,6
Moree,Wind gust,39.83002544529262,avg_WindGustSpeed,0.5911396138084735,6
Moree,Sunshine,8.887308228730824,avg_Sunshine,0.7922738687768927,6
Moree,Rain tomorrow rate,0.14603960396039603,rain_probability,0.25785849971255487,6
MountGambier,Max temp,19.741000467508183,avg_MaxTemp,0.34248518239224984,42
MountGambier,Min temp,8.906030855539973,avg_MinTemp,0.26769586848804083,42
MountGambier,Rainfall,2.169821930646673,avg_Rainfall,0.3193644892618669,42
MountGambier,Humidity 3pm,57.409559512652294,avg_Humidity3pm,0.7299360884592022,42
MountGambier,Wind gust,42.86350710900474,avg_WindGustSpeed,0.745718893250028,42
MountGambier,Sunshine,6.434405670665212,avg_Sunshine,0.018380998135096124,42
MountGambier,Rain tomorrow rate,0.30327102803738315,rain_probability,0.7786699283954805,42
MountGinini,Max temp,11.831761786600495,avg_MaxTemp,0.0,48
MountGinini,Min temp,3.692195367573011,avg_MinTemp,0.0,48
MountGinini,Rainfall,3.2253822629969418,avg_Rainfall,0.5251547271548052,48
MountGinini,Humidity 3pm,69.69297297297297,avg_Humidity3pm,1.0,48
MountGinini,Wind gust,46.07936507936508,avg_WindGustSpeed,0.9095916516686056,48
MountGinini,Sunshine,7.647679004727114,avg_Sunshine,0.4011697804627442,48
MountGinini,Rain tomorrow rate,0.2923456790123457,rain_probability,0.7424809371172277,48
Newcastle,Max temp,24.144062657908034,avg_MaxTemp,0.5331462078337594,19
Newcastle,Min temp,13.707293868921775,avg_MinTemp,0.5142088770348294,19
Newcastle,Rainfall,3.3060547813551175,avg_Rainfall,0.5408825034225879,19
Newcastle,Humidity 3pm,56.91389830508475,avg_Humidity3pm,0.7190384495457899,19
Newcastle,Wind gust,40.00855815115693,avg_WindGustSpeed,0.6002372316907207,19
Newcastle,Sunshine,7.647679004727114,avg_Sunshine,0.4011697804627442,19
Newcastle,Rain tomorrow rate,0.24045801526717558,rain_probability,0.5706088800854898,19
Nhil,Max temp,22.379489436619718,avg_MaxTemp,0.4567368079004585,28
Nhil,Min temp,8.983362676056338,avg_MinTemp,0.2716663445229419,28
Nhil,Rainfall,0.9283318623124448,avg_Rainfall,0.07732570789219871,28
Nhil,Humidity 3pm,45.08450704225352,avg_Humidity3pm,0.4589566989878843,28
Nhil,Wind gust,42.54008810572687,avg_WindGustSpeed,0.7292382014158073,28
Nhil,Sunshine,7.647679004727114,avg_Sunshine,0.4011697804627442,28
Nhil,Rain tomorrow rate,0.1522887323943662,rain_probability,0.2785580356152857,28
NorahHead,Max temp,22.691403162055334,avg_MaxTemp,0.47024326957853796,26
NorahHead,Min temp,15.417772277227723,avg_MinTemp,0.6020305975509955,26
NorahHead,Rainfall,3.5525474525474525,avg_Rainfall,0.5889382932139611,26
NorahHead,Humidity 3pm,67.71039603960396,avg_Humidity3pm,0.9564109371319481,26
NorahHead,Wind gust,42.334320987654316,avg_WindGustSpeed,0.7187527802494574,26
NorahHead,Sunshine,7.647679004727114,avg_Sunshine,0.4011697804627442,26
NorahHead,Rain tomorrow rate,0.28007889546351084,rain_probability,0.7018485946773046,26
NorfolkIsland,Max temp,21.770657507360156,avg_MaxTemp,0.4303732193490056,29
NorfolkIsland,Min temp,16.804121687929342,avg_MinTemp,0.6732104440156881,29
NorfolkIsland,Rainfall,3.092,avg_Rainfall,0.49915074918063984,29
NorfolkIsland,Humidity 3pm,67.74852652259332,avg_Humidity3pm,0.9572492763621883,29
NorfolkIsland,Wind gust,42.388778550148956,avg_WindGustSpeed,0.7215278129359131,29
NorfolkIsland,Sunshine,6.990610859728506,avg_Sunshine,0.19386421454525332,29
NorfolkIsland,Rain tomorrow rate,0.3199214916584887,rain_probability,0.8338227186067744,29
Nuriootpa,Max temp,21.72589073634204,avg_MaxTemp,0.42843473242810115,30
Nuriootpa,Min temp,9.39353919239905,avg_MinTemp,0.2927261879010415,30
Nuriootpa,Rainfall,1.3880816714150048,avg_Rainfall,0.16695774472309155,30
Nuriootpa,Humidity 3pm,45.44645406949072,avg_Humidity3pm,0.46691448940680996,30
Nuriootpa,Wind gust,40.672413793103445,avg_WindGustSpeed,0.6340657950912744,30
Nuriootpa,Sunshine,7.635828343313373,avg_Sunshine,0.39743088657544845,30
Nuriootpa,Rain tomorrow rate,0.1976303317535545,rain_probability,0.4287469897614052,30
PearceRAAF,Max temp,26.352677651905253,avg_MaxTemp,0.6287834669392827,9
PearceRAAF,Min temp,12.501033591731266,avg_MinTemp,0.4522754130292263,9
PearceRAAF,Rainfall,1.5976968398500269,avg_Rainfall,0.20782395961974737,9
PearceRAAF,Humidity 3pm,41.205366357069146,avg_Humidity3pm,0.37366966454570144,9
PearceRAAF,Wind gust,43.63185935002664,avg_WindGustSpeed,0.7848723640605704,9
PearceRAAF,Sunshine,8.924102564102563,avg_Sunshine,0.8038825132909446,9
PearceRAAF,Rain tomorrow rate,0.18740399385560677,rain_probability,0.394873394313865,9
Penrith,Max temp,24.74341913550267,avg_MaxTemp,0.5590994911810535,15
Penrith,Min temp,12.582083739045766,avg_MinTemp,0.45643680048123025,15
Penrith,Rainfall,2.146870379497289,avg_Rainfall,0.31488989408593115,15
Penrith,Humidity 3pm,48.81054201889607,avg_Humidity3pm,0.5408775415599004,15
Penrith,Wind gust,31.877680311890835,avg_WindGustSpeed,0.18590631528656149,15
Penrith,Sunshine,7.647679004727114,avg_Sunshine,0.4011697804627442,15
Penrith,Rain tomorrow rate,0.20349684312773192,rain_probability,0.448179149637245,15
Perth,Max temp,25.01162687886826,avg_MaxTemp,0.5707134001312681,13
Perth,Min temp,12.896153846153846,avg_MinTemp,0.4725622172272068,13
Perth,Rainfall,1.9735632183908045,avg_Rainfall,0.2811022262287627,13
Perth,Humidity 3pm,46.848471422241914,avg_Humidity3pm,0.4977393323183647,13
Perth,Wind gust,34.803010181496234,avg_WindGustSpeed,0.33497442694908597,13
Perth,Sunshine,8.732964111652636,avg_Sunshine,0.7435781668463161,13
Perth,Rain tomorrow rate,0.20645446507515472,rain_probability,0.45797594007518583,13
PerthAirport,Max temp,25.412321181356713,avg_MaxTemp,0.5880642308253222,12
PerthAirport,Min temp,12.538394093216429,avg_MinTemp,0.454193626965071,12
PerthAirport,Rainfall,1.8953391785879095,avg_Rainfall,0.2658518011543931,12
PerthAirport,Humidity 3pm,42.20960295475531,avg_Humidity3pm,0.3957488744135152,12
PerthAirport,Wind gust,44.468413664014975,avg_WindGustSpeed,0.827501256338692,12
PerthAirport,Sunshine,8.715533980582524,avg_Sunshine,0.7380789454748199,12
PerthAirport,Rain tomorrow rate,0.1956622058144901,rain_probability,0.42222779368994967,12
Portland,Max temp,18.15875946969697,avg_MaxTemp,0.2739711169320735,46
Portland,Min temp,9.681775035595633,avg_MinTemp,0.3075251865560564,46
Portland,Rainfall,2.5349786426198384,avg_Rainfall,0.39055481758525556,46
Portland,Humidity 3pm,65.67047075606277,avg_Humidity3pm,0.9115610097804248,46
Portland,Wind gust,41.98854415274463,avg_WindGustSpeed,0.7011327845107942,46
Portland,Sunshine,6.57034980566352,avg_Sunshine,0.06127148986491165,46
Portland,Rain tomorrow rate,0.37008991954566967,rain_probability,1.0,46
Richmond,Max temp,24.4454766536965,avg_MaxTemp,0.5461980111093867,16
Richmond,Min temp,11.294834307992202,avg_MinTemp,0.39034508063278006,16
Richmond,Rainfall,2.1365517241379313,avg_Rainfall,0.31287818667702405,16
Richmond,Humidity 3pm,48.71033119130005,avg_Humidity3pm,0.5386742999148361,16
Richmond,Wind gust,34.83781143136297,avg_WindGustSpeed,0.33674781895353373,16
Richmond,Sunshine,7.647679004727114,avg_Sunshine,0.4011697804627442,16
Richmond,Rain tomorrow rate,0.1786407766990291,rain_probability,0.3658462219533245,16
Sale,Max temp,20.27476099426386,avg_MaxTemp,0.3655980354410496,40
Sale,Min temp,8.558480649784999,avg_MinTemp,0.24985147075291908,40
Sale,Rainfall,1.5079060852898898,avg_Rainfall,0.19031850760984234,40
Sale,Humidity 3pm,56.243761996161226,avg_Humidity3pm,0.7043047899292653,40
Sale,Wind gust,42.126379137412236,avg_WindGustSpeed,0.7081565397115042,40
Sale,Sunshine,6.695883777239709,avg_Sunshine,0.10087756606500997,40
Sale,Rain tomorrow rate,0.21786908743430483,rain_probability,0.4957855943071171,40
SalmonGums,Max temp,24.33538689009364,avg_MaxTemp,0.5414309135051559,17
SalmonGums,Min temp,9.318894918598915,avg_MinTemp,0.2888936995632903,17
SalmonGums,Rainfall,1.0370919881305638,avg_Rainfall,0.0985293960940301,17
SalmonGums,Humidity 3pm,40.543842364532026,avg_Humidity3pm,0.359125355866378,17
SalmonGums,Wind gust,39.749750747756735,avg_WindGustSpeed,0.5870489990370293,17
SalmonGums,Sunshine,7.647679004727114,avg_Sunshine,0.4011697804627442,17
SalmonGums,Rain tomorrow rate,0.1634662727720335,rain_probability,0.31558238241763736,17
Sydney,Max temp,22.984357778719797,avg_MaxTemp,0.4829287655369765,23
Sydney,Min temp,14.843129770992366,avg_MinTemp,0.5725265165089599,23
Sydney,Rainfall,3.2806615776081425,avg_Rainfall,0.5359318878302811,23
Sydney,Humidity 3pm,54.55843603909902,avg_Humidity3pm,0.6672511059793012,23
Sydney,Wind gust,41.80914144533663,avg_WindGustSpeed,0.6919908333420316,23
Sydney,Sunshine,7.180076628352491,avg_Sunshine,0.25364082780150954,23
Sydney,Rain tomorrow rate,0.25921219822109276,rain_probability,0.6327300042522979,23
SydneyAirport,Max temp,23.35090476190476,avg_MaxTemp,0.4988009519073876,22
SydneyAirport,Min temp,14.857979990471653,avg_MinTemp,0.5732889767764386,22
SydneyAirport,Rainfall,2.8688602765855986,avg_Rainfall,0.4556478101657087,22
SydneyAirport,Humidity 3pm,53.76644423260248,avg_Humidity3pm,0.6498383236235133,22
SydneyAirport,Wind gust,47.033414043583534,avg_WindGustSpeed,0.9582078022803026,22
SydneyAirport,Sunshine,7.129262452107279,avg_Sunshine,0.2376089114115178,22
SydneyAirport,Rain tomorrow rate,0.2571428571428571,rain_probability,0.6258755444029712,22
Townsville,Max temp,29.386372269705603,avg_MaxTemp,0.7601482539203352,4
Townsville,Min temp,20.40698669201521,avg_MinTemp,0.858193663862161,4
Townsville,Rainfall,3.328319847691575,avg_Rainfall,0.5452232626929555,4
Townsville,Humidity 3pm,57.168091168091166,avg_Humidity3pm,0.7246271500394288,4
Townsville,Wind gust,38.82806513409962,avg_WindGustSpeed,0.5400820106635387,4
Townsville,Sunshine,8.514277808522412,avg_Sunshine,0.6745824497751266,4
Townsville,Rain tomorrow rate,0.1671415004748338,rain_probability,0.3277561613035506,4
Tuggeranong,Max temp,20.88331744518589,avg_MaxTemp,0.39194969525290047,36
Tuggeranong,Min temp,7.308341277407054,avg_MinTemp,0.18566510626325208,36
Tuggeranong,Rainfall,2.056038647342995,avg_Rainfall,0.2971814948638418,36
Tuggeranong,Humidity 3pm,47.001913875598085,avg_Humidity3pm,0.501112927881491,36
Tuggeranong,Wind gust,35.28933524629364,avg_WindGustSpeed,0.3597564386520202,36
Tuggeranong,Sunshine,7.647679004727114,avg_Sunshine,0.4011697804627442,36
Tuggeranong,Rain tomorrow rate,0.19199618866126728,rain_probability,0.4100845237147874,36
Uluru,Max temp,30.264134615384616,avg_MaxTemp,0.7981570445492743,2
Uluru,Min temp,14.27581888246628,avg_MinTemp,0.5433988654050448,2
Uluru,Rainfall,0.7322926829268293,avg_Rainfall,0.03910624461218305,2
Uluru,Humidity 3pm,24.209615384615386,avg_Humidity3pm,0.0,2
Uluru,Wind gust,41.521057786483844,avg_WindGustSpeed,0.677310749747969,2
Uluru,Sunshine,7.647679004727114,avg_Sunshine,0.4011697804627442,2
Uluru,Rain tomorrow rate,0.08076923076923077,rain_probability,0.041657721071042125,2
WaggaWagga,Max temp,22.931528046421665,avg_MaxTemp,0.48064113695073396,24
WaggaWagga,Min temp,9.536121856866538,avg_MinTemp,0.3000468619583747,24
WaggaWagga,Rainfall,1.8226433430515063,avg_Rainfall,0.25167914533324004,24
WaggaWagga,Humidity 3pm,42.79932301740812,avg_Humidity3pm,0.4087144973121149,24
WaggaWagga,Wind gust,36.58895405669599,avg_WindGustSpeed,0.4259820373308822,24
WaggaWagga,Sunshine,8.168955890563932,avg_Sunshine,0.5656330871085684,24
WaggaWagga,Rain tomorrow rate,0.17891682785299806,rain_probability,0.36676061038891955,24
Walpole,Max temp,20.568195564516127,avg_MaxTemp,0.37830431430903105,38
Walpole,Min temp,11.917650025214321,avg_MinTemp,0.42232253652193563,38
Walpole,Rainfall,2.8687468030690537,avg_Rainfall,0.45562568756290844,38
Walpole,Humidity 3pm,66.13987792472024,avg_Humidity3pm,0.9218814257203778,38
Walpole,Wind gust,39.92577529232334,avg_WindGustSpeed,0.5960188067627948,38
Walpole,Sunshine,7.647679004727114,avg_Sunshine,0.4011697804627442,38
Walpole,Rain tomorrow rate,0.33836098541980897,rain_probability,0.8949014701756772,38
Watsonia,Max temp,20.892901088499762,avg_MaxTemp,0.3923646853626637,35
Watsonia,Min temp,10.088704318936877,avg_MinTemp,0.3284183060587062,35
Watsonia,Rainfall,1.7677113010446344,avg_Rainfall,0.2409696883310344,35
Watsonia,Humidity 3pm,54.61097964978703,avg_Humidity3pm,0.6684063331541187,35
Watsonia,Wind gust,37.78129496402878,avg_WindGustSpeed,0.48674099971691076,35
Watsonia,Sunshine,6.404545454545455,avg_Sunshine,0.008960074219909336,35
Watsonia,Rain tomorrow rate,0.2389966871746332,rain_probability,0.5657683949463433,35
Williamtown,Max temp,24.167695700110254,avg_MaxTemp,0.5341695638223263,18
Williamtown,Min temp,12.852367841409693,avg_MinTemp,0.47031409631992865,18
Williamtown,Rainfall,3.511386430678466,avg_Rainfall,0.5809136107559958,18
Williamtown,Humidity 3pm,53.63867403314917,avg_Humidity3pm,0.6470291598715828,18
Williamtown,Wind gust,41.76094470046083,avg_WindGustSpeed,0.6895348375852576,18
Williamtown,Sunshine,7.099288617886179,avg_Sunshine,0.22815214088745686,18
Williamtown,Rain tomorrow rate,0.2725770925110132,rain_probability,0.6769997151589519,18
Witchcliffe,Max temp,21.698832684824904,avg_MaxTemp,0.42726306697673533,31
Witchcliffe,Min temp,10.867818889970788,avg_MinTemp,0.3684206713473618,31
Witchcliffe,Rainfall,2.9630934899657366,avg_Rainfall,0.47401935635268655,31
Witchcliffe,Humidity 3pm,57.66211245401997,avg_Humidity3pm,0.7354887335311291,31
Witchcliffe,Wind gust,40.01024890190337,avg_WindGustSpeed,0.6003233884772362,31
Witchcliffe,Sunshine,7.647679004727114,avg_Sunshine,0.4011697804627442,31
Witchcliffe,Rain tomorrow rate,0.30097087378640774,rain_probability,0.7710509258412899,31
Wollongong,Max temp,21.405797795879252,avg_MaxTemp,0.41457409507478654,33
Wollongong,Min temp,14.831316042267051,avg_MinTemp,0.5719199599003933,33
Wollongong,Rainfall,3.5214944201843763,avg_Rainfall,0.5828842471102523,33
Wollongong,Humidity 3pm,64.83934583934584,avg_Humidity3pm,0.893287844368167,33
Wollongong,Wind gust,45.62667946257198,avg_WindGustSpeed,0.8865238292075319,33
Wollongong,Sunshine,7.647679004727114,avg_Sunshine,0.4011697804627442,33
Wollongong,Rain tomorrow rate,0.23157894736842105,rain_probability,0.5411979651563037,33
Woomera,Max temp,26.47186738176499,avg_MaxTemp,0.6339446105103869,7
Woomera,Min temp,13.256878048780488,avg_MinTemp,0.4910830123174348,7
Woomera,Rainfall,0.531704934049829,avg_Rainfall,0.0,7
Woomera,Humidity 3pm,28.41895874263261,avg_Humidity3pm,0.09254689146112413,7
Woomera,Wind gust,43.9792490118577,avg_WindGustSpeed,0.8025745457660562,7
Woomera,Sunshine,9.008534850640114,avg_Sunshine,0.8305209724456063,7
Woomera,Rain tomorrow rate,0.06819288845591817,rain_probability,0.0,7
