Location,direction,count,direction_order
Adelaide,N,184,0
Albany,N,0,0
Albury,N,117,0
AliceSprings,N,94,0
BadgerysCreek,N,116,0
Ballarat,N,371,0
Bendigo,N,178,0
Brisbane,N,24,0
Cairns,N,83,0
Canberra,N,156,0
Cobar,N,85,0
CoffsHarbour,N,92,0
Dartmoor,N,192,0
Darwin,N,206,0
GoldCoast,N,91,0
Hobart,N,117,0
Katherine,N,24,0
Launceston,N,170,0
Melbourne,N,527,0
MelbourneAirport,N,664,0
Mildura,N,188,0
Moree,N,74,0
MountGambier,N,275,0
MountGinini,N,32,0
Newcastle,N,0,0
Nhil,N,53,0
NorahHead,N,152,0
NorfolkIsland,N,65,0
Nuriootpa,N,70,0
PearceRAAF,N,54,0
Penrith,N,108,0
Perth,N,39,0
PerthAirport,N,60,0
Portland,N,147,0
Richmond,N,54,0
Sale,N,14,0
SalmonGums,N,153,0
Sydney,N,22,0
SydneyAirport,N,35,0
Townsville,N,90,0
Tuggeranong,N,235,0
Uluru,N,26,0
WaggaWagga,N,83,0
Walpole,N,43,0
Watsonia,N,412,0
Williamtown,N,12,0
Witchcliffe,N,154,0
Wollongong,N,85,0
Woomera,N,192,0
Adelaide,NNE,79,1
Albany,NNE,0,1
Albury,NNE,109,1
AliceSprings,NNE,41,1
BadgerysCreek,NNE,148,1
Ballarat,NNE,200,1
Bendigo,NNE,128,1
Brisbane,NNE,92,1
Cairns,NNE,140,1
Canberra,NNE,36,1
Cobar,NNE,121,1
CoffsHarbour,NNE,228,1
Dartmoor,NNE,78,1
Darwin,NNE,80,1
GoldCoast,NNE,242,1
Hobart,NNE,19,1
Katherine,NNE,25,1
Launceston,NNE,27,1
Melbourne,NNE,64,1
MelbourneAirport,NNE,84,1
Mildura,NNE,142,1
Moree,NNE,326,1
MountGambier,NNE,92,1
MountGinini,NNE,53,1
Newcastle,NNE,0,1
Nhil,NNE,16,1
NorahHead,NNE,304,1
NorfolkIsland,NNE,101,1
Nuriootpa,NNE,79,1
PearceRAAF,NNE,41,1
Penrith,NNE,142,1
Perth,NNE,93,1
PerthAirport,NNE,68,1
Portland,NNE,66,1
Richmond,NNE,76,1
Sale,NNE,16,1
SalmonGums,NNE,104,1
Sydney,NNE,103,1
SydneyAirport,NNE,146,1
Townsville,NNE,88,1
Tuggeranong,NNE,62,1
Uluru,NNE,21,1
WaggaWagga,NNE,50,1
Walpole,NNE,92,1
Watsonia,NNE,109,1
Williamtown,NNE,16,1
Witchcliffe,NNE,63,1
Wollongong,NNE,101,1
Woomera,NNE,114,1
Adelaide,NE,49,2
Albany,NE,0,2
Albury,NE,102,2
AliceSprings,NE,56,2
BadgerysCreek,NE,88,2
Ballarat,NE,28,2
Bendigo,NE,112,2
Brisbane,NE,255,2
Cairns,NE,159,2
Canberra,NE,63,2
Cobar,NE,144,2
CoffsHarbour,NE,464,2
Dartmoor,NE,34,2
Darwin,NE,74,2
GoldCoast,NE,106,2
Hobart,NE,21,2
Katherine,NE,44,2
Launceston,NE,11,2
Melbourne,NE,7,2
MelbourneAirport,NE,8,2
Mildura,NE,61,2
Moree,NE,220,2
MountGambier,NE,37,2
MountGinini,NE,52,2
Newcastle,NE,0,2
Nhil,NE,34,2
NorahHead,NE,264,2
NorfolkIsland,NE,112,2
Nuriootpa,NE,116,2
PearceRAAF,NE,52,2
Penrith,NE,133,2
Perth,NE,208,2
PerthAirport,NE,85,2
Portland,NE,17,2
Richmond,NE,174,2
Sale,NE,19,2
SalmonGums,NE,107,2
Sydney,NE,122,2
SydneyAirport,NE,274,2
Townsville,NE,369,2
Tuggeranong,NE,91,2
Uluru,NE,53,2
WaggaWagga,NE,77,2
Walpole,NE,105,2
Watsonia,NE,65,2
Williamtown,NE,74,2
Witchcliffe,NE,30,2
Wollongong,NE,334,2
Woomera,NE,68,2
Adelaide,ENE,54,3
Albany,ENE,0,3
Albury,ENE,114,3
AliceSprings,ENE,126,3
BadgerysCreek,ENE,174,3
Ballarat,ENE,5,3
Bendigo,ENE,61,3
Brisbane,ENE,322,3
Cairns,ENE,160,3
Canberra,ENE,169,3
Cobar,ENE,149,3
CoffsHarbour,ENE,65,3
Dartmoor,ENE,15,3
Darwin,ENE,150,3
GoldCoast,ENE,68,3
Hobart,ENE,13,3
Katherine,ENE,101,3
Launceston,ENE,20,3
Melbourne,ENE,1,3
MelbourneAirport,ENE,2,3
Mildura,ENE,39,3
Moree,ENE,191,3
MountGambier,ENE,22,3
MountGinini,ENE,140,3
Newcastle,ENE,0,3
Nhil,ENE,39,3
NorahHead,ENE,52,3
NorfolkIsland,ENE,194,3
Nuriootpa,ENE,57,3
PearceRAAF,ENE,167,3
Penrith,ENE,162,3
Perth,ENE,122,3
PerthAirport,ENE,210,3
Portland,ENE,46,3
Richmond,ENE,230,3
Sale,ENE,66,3
SalmonGums,ENE,99,3
Sydney,ENE,146,3
SydneyAirport,ENE,139,3
Townsville,ENE,745,3
Tuggeranong,ENE,180,3
Uluru,ENE,126,3
WaggaWagga,ENE,316,3
Walpole,ENE,53,3
Watsonia,ENE,62,3
Williamtown,ENE,109,3
Witchcliffe,ENE,29,3
Wollongong,ENE,57,3
Woomera,ENE,46,3
Adelaide,E,52,4
Albany,E,0,4
Albury,E,87,4
AliceSprings,E,329,4
BadgerysCreek,E,230,4
Ballarat,E,8,4
Bendigo,E,15,4
Brisbane,E,410,4
Cairns,E,125,4
Canberra,E,214,4
Cobar,E,149,4
CoffsHarbour,E,83,4
Dartmoor,E,48,4
Darwin,E,394,4
GoldCoast,E,73,4
Hobart,E,16,4
Katherine,E,254,4
Launceston,E,45,4
Melbourne,E,3,4
MelbourneAirport,E,4,4
Mildura,E,41,4
Moree,E,184,4
MountGambier,E,38,4
MountGinini,E,116,4
Newcastle,E,0,4
Nhil,E,53,4
NorahHead,E,28,4
NorfolkIsland,E,335,4
Nuriootpa,E,42,4
PearceRAAF,E,428,4
Penrith,E,91,4
Perth,E,100,4
PerthAirport,E,437,4
Portland,E,114,4
Richmond,E,178,4
Sale,E,363,4
SalmonGums,E,106,4
Sydney,E,99,4
SydneyAirport,E,81,4
Townsville,E,281,4
Tuggeranong,E,114,4
Uluru,E,272,4
WaggaWagga,E,242,4
Walpole,E,36,4
Watsonia,E,24,4
Williamtown,E,105,4
Witchcliffe,E,31,4
Wollongong,E,25,4
Woomera,E,53,4
Adelaide,ESE,102,5
Albany,ESE,0,5
Albury,ESE,85,5
AliceSprings,ESE,464,5
BadgerysCreek,ESE,140,5
Ballarat,ESE,86,5
Bendigo,ESE,20,5
Brisbane,ESE,177,5
Cairns,ESE,199,5
Canberra,ESE,103,5
Cobar,ESE,124,5
CoffsHarbour,ESE,43,5
Dartmoor,ESE,141,5
Darwin,ESE,294,5
GoldCoast,ESE,129,5
Hobart,ESE,106,5
Katherine,ESE,192,5
Launceston,ESE,31,5
Melbourne,ESE,9,5
MelbourneAirport,ESE,5,5
Mildura,ESE,62,5
Moree,ESE,86,5
MountGambier,ESE,53,5
MountGinini,ESE,85,5
Newcastle,ESE,0,5
Nhil,ESE,37,5
NorahHead,ESE,45,5
NorfolkIsland,ESE,161,5
Nuriootpa,ESE,104,5
PearceRAAF,ESE,165,5
Penrith,ESE,152,5
Perth,ESE,90,5
PerthAirport,ESE,117,5
Portland,ESE,89,5
Richmond,ESE,207,5
Sale,ESE,193,5
SalmonGums,ESE,67,5
Sydney,ESE,96,5
SydneyAirport,ESE,34,5
Townsville,ESE,232,5
Tuggeranong,ESE,59,5
Uluru,ESE,96,5
WaggaWagga,ESE,61,5
Walpole,ESE,113,5
Watsonia,ESE,28,5
Williamtown,ESE,104,5
Witchcliffe,ESE,37,5
Wollongong,ESE,39,5
Woomera,ESE,68,5
Adelaide,SE,128,6
Albany,SE,0,6
Albury,SE,192,6
AliceSprings,SE,273,6
BadgerysCreek,SE,114,6
Ballarat,SE,255,6
Bendigo,SE,105,6
Brisbane,SE,187,6
Cairns,SE,696,6
Canberra,SE,64,6
Cobar,SE,66,6
CoffsHarbour,SE,58,6
Dartmoor,SE,140,6
Darwin,SE,124,6
GoldCoast,SE,322,6
Hobart,SE,185,6
Katherine,SE,124,6
Launceston,SE,98,6
Melbourne,SE,45,6
MelbourneAirport,SE,50,6
Mildura,SE,157,6
Moree,SE,42,6
MountGambier,SE,55,6
MountGinini,SE,19,6
Newcastle,SE,0,6
Nhil,SE,29,6
NorahHead,SE,62,6
NorfolkIsland,SE,187,6
Nuriootpa,SE,359,6
PearceRAAF,SE,59,6
Penrith,SE,201,6
Perth,SE,88,6
PerthAirport,SE,53,6
Portland,SE,176,6
Richmond,SE,211,6
Sale,SE,90,6
SalmonGums,SE,143,6
Sydney,SE,55,6
SydneyAirport,SE,85,6
Townsville,SE,68,6
Tuggeranong,SE,49,6
Uluru,SE,75,6
WaggaWagga,SE,39,6
Walpole,SE,340,6
Watsonia,SE,62,6
Williamtown,SE,200,6
Witchcliffe,SE,145,6
Wollongong,SE,99,6
Woomera,SE,197,6
Adelaide,SSE,139,7
Albany,SSE,0,7
Albury,SSE,140,7
AliceSprings,SSE,167,7
BadgerysCreek,SSE,75,7
Ballarat,SSE,141,7
Bendigo,SSE,396,7
Brisbane,SSE,129,7
Cairns,SSE,332,7
Canberra,SSE,51,7
Cobar,SSE,77,7
CoffsHarbour,SSE,96,7
Dartmoor,SSE,62,7
Darwin,SSE,49,7
GoldCoast,SSE,486,7
Hobart,SSE,79,7
Katherine,SSE,56,7
Launceston,SSE,199,7
Melbourne,SSE,196,7
MelbourneAirport,SSE,305,7
Mildura,SSE,198,7
Moree,SSE,37,7
MountGambier,SSE,134,7
MountGinini,SSE,58,7
Newcastle,SSE,0,7
Nhil,SSE,78,7
NorahHead,SSE,220,7
NorfolkIsland,SSE,149,7
Nuriootpa,SSE,116,7
PearceRAAF,SSE,15,7
Penrith,SSE,118,7
Perth,SSE,87,7
PerthAirport,SSE,29,7
Portland,SSE,74,7
Richmond,SSE,114,7
Sale,SSE,64,7
SalmonGums,SSE,189,7
Sydney,SSE,160,7
SydneyAirport,SSE,80,7
Townsville,SSE,28,7
Tuggeranong,SSE,113,7
Uluru,SSE,54,7
WaggaWagga,SSE,48,7
Walpole,SSE,96,7
Watsonia,SSE,20,7
Williamtown,SSE,162,7
Witchcliffe,SSE,433,7
Wollongong,SSE,131,7
Woomera,SSE,275,7
Adelaide,S,50,8
Albany,S,0,8
Albury,S,43,8
AliceSprings,S,135,8
BadgerysCreek,S,100,8
Ballarat,S,208,8
Bendigo,S,140,8
Brisbane,S,28,8
Cairns,S,146,8
Canberra,S,119,8
Cobar,S,139,8
CoffsHarbour,S,219,8
Dartmoor,S,143,8
Darwin,S,28,8
GoldCoast,S,211,8
Hobart,S,94,8
Katherine,S,36,8
Launceston,S,67,8
Melbourne,S,220,8
MelbourneAirport,S,310,8
Mildura,S,168,8
Moree,S,69,8
MountGambier,S,243,8
MountGinini,S,61,8
Newcastle,S,0,8
Nhil,S,109,8
NorahHead,S,323,8
NorfolkIsland,S,99,8
Nuriootpa,S,30,8
PearceRAAF,S,76,8
Penrith,S,154,8
Perth,S,57,8
PerthAirport,S,67,8
Portland,S,130,8
Richmond,S,137,8
Sale,S,60,8
SalmonGums,S,187,8
Sydney,S,125,8
SydneyAirport,S,351,8
Townsville,S,30,8
Tuggeranong,S,150,8
Uluru,S,56,8
WaggaWagga,S,50,8
Walpole,S,77,8
Watsonia,S,150,8
Williamtown,S,165,8
Witchcliffe,S,201,8
Wollongong,S,317,8
Woomera,S,188,8
Adelaide,SSW,74,9
Albany,SSW,0,9
Albury,SSW,39,9
AliceSprings,SSW,87,9
BadgerysCreek,SSW,100,9
Ballarat,SSW,95,9
Bendigo,SSW,82,9
Brisbane,SSW,27,9
Cairns,SSW,15,9
Canberra,SSW,32,9
Cobar,SSW,180,9
CoffsHarbour,SSW,202,9
Dartmoor,SSW,271,9
Darwin,SSW,35,9
GoldCoast,SSW,7,9
Hobart,SSW,155,9
Katherine,SSW,22,9
Launceston,SSW,36,9
Melbourne,SSW,144,9
MelbourneAirport,SSW,114,9
Mildura,SSW,214,9
Moree,SSW,160,9
MountGambier,SSW,222,9
MountGinini,SSW,79,9
Newcastle,SSW,0,9
Nhil,SSW,93,9
NorahHead,SSW,214,9
NorfolkIsland,SSW,107,9
Nuriootpa,SSW,47,9
PearceRAAF,SSW,117,9
Penrith,SSW,148,9
Perth,SSW,344,9
PerthAirport,SSW,132,9
Portland,SSW,107,9
Richmond,SSW,118,9
Sale,SSW,35,9
SalmonGums,SSW,234,9
Sydney,SSW,119,9
SydneyAirport,SSW,245,9
Townsville,SSW,81,9
Tuggeranong,SSW,59,9
Uluru,SSW,62,9
WaggaWagga,SSW,51,9
Walpole,SSW,259,9
Watsonia,SSW,348,9
Williamtown,SSW,124,9
Witchcliffe,SSW,150,9
Wollongong,SSW,225,9
Woomera,SSW,240,9
Adelaide,SW,285,10
Albany,SW,0,10
Albury,SW,86,10
AliceSprings,SW,63,10
BadgerysCreek,SW,250,10
Ballarat,SW,91,10
Bendigo,SW,172,10
Brisbane,SW,61,10
Cairns,SW,0,10
Canberra,SW,28,10
Cobar,SW,295,10
CoffsHarbour,SW,236,10
Dartmoor,SW,233,10
Darwin,SW,32,10
GoldCoast,SW,14,10
Hobart,SW,174,10
Katherine,SW,13,10
Launceston,SW,26,10
Melbourne,SW,131,10
MelbourneAirport,SW,187,10
Mildura,SW,164,10
Moree,SW,222,10
MountGambier,SW,197,10
MountGinini,SW,172,10
Newcastle,SW,0,10
Nhil,SW,129,10
NorahHead,SW,38,10
NorfolkIsland,SW,129,10
Nuriootpa,SW,151,10
PearceRAAF,SW,232,10
Penrith,SW,141,10
Perth,SW,505,10
PerthAirport,SW,282,10
Portland,SW,121,10
Richmond,SW,74,10
Sale,SW,60,10
SalmonGums,SW,104,10
Sydney,SW,39,10
SydneyAirport,SW,71,10
Townsville,SW,38,10
Tuggeranong,SW,26,10
Uluru,SW,25,10
WaggaWagga,SW,169,10
Walpole,SW,71,10
Watsonia,SW,253,10
Williamtown,SW,47,10
Witchcliffe,SW,167,10
Wollongong,SW,92,10
Woomera,SW,180,10
Adelaide,WSW,378,11
Albany,WSW,0,11
Albury,WSW,159,11
AliceSprings,WSW,42,11
BadgerysCreek,WSW,188,11
Ballarat,WSW,153,11
Bendigo,WSW,172,11
Brisbane,WSW,111,11
Cairns,WSW,6,11
Canberra,WSW,21,11
Cobar,WSW,204,11
CoffsHarbour,WSW,121,11
Dartmoor,WSW,122,11
Darwin,WSW,44,11
GoldCoast,WSW,8,11
Hobart,WSW,97,11
Katherine,WSW,14,11
Launceston,WSW,44,11
Melbourne,WSW,106,11
MelbourneAirport,WSW,147,11
Mildura,WSW,188,11
Moree,WSW,194,11
MountGambier,WSW,177,11
MountGinini,WSW,246,11
Newcastle,WSW,0,11
Nhil,WSW,93,11
NorahHead,WSW,51,11
NorfolkIsland,WSW,94,11
Nuriootpa,WSW,264,11
PearceRAAF,WSW,261,11
Penrith,WSW,94,11
Perth,WSW,194,11
PerthAirport,WSW,244,11
Portland,WSW,211,11
Richmond,WSW,93,11
Sale,WSW,204,11
SalmonGums,WSW,69,11
Sydney,WSW,90,11
SydneyAirport,WSW,126,11
Townsville,WSW,7,11
Tuggeranong,WSW,66,11
Uluru,WSW,27,11
WaggaWagga,WSW,280,11
Walpole,WSW,151,11
Watsonia,WSW,190,11
Williamtown,WSW,32,11
Witchcliffe,WSW,144,11
Wollongong,WSW,116,11
Woomera,WSW,137,11
Adelaide,W,232,12
Albany,W,0,12
Albury,W,361,12
AliceSprings,W,44,12
BadgerysCreek,W,122,12
Ballarat,W,176,12
Bendigo,W,154,12
Brisbane,W,250,12
Cairns,W,12,12
Canberra,W,110,12
Cobar,W,107,12
CoffsHarbour,W,18,12
Dartmoor,W,107,12
Darwin,W,71,12
GoldCoast,W,66,12
Hobart,W,86,12
Katherine,W,28,12
Launceston,W,47,12
Melbourne,W,82,12
MelbourneAirport,W,103,12
Mildura,W,178,12
Moree,W,78,12
MountGambier,W,232,12
MountGinini,W,440,12
Newcastle,W,0,12
Nhil,W,152,12
NorahHead,W,99,12
NorfolkIsland,W,117,12
Nuriootpa,W,284,12
PearceRAAF,W,117,12
Penrith,W,99,12
Perth,W,91,12
PerthAirport,W,157,12
Portland,W,378,12
Richmond,W,169,12
Sale,W,536,12
SalmonGums,W,100,12
Sydney,W,1042,12
SydneyAirport,W,147,12
Townsville,W,7,12
Tuggeranong,W,188,12
Uluru,W,38,12
WaggaWagga,W,287,12
Walpole,W,113,12
Watsonia,W,172,12
Williamtown,W,70,12
Witchcliffe,W,141,12
Wollongong,W,134,12
Woomera,W,104,12
Adelaide,WNW,136,13
Albany,WNW,0,13
Albury,WNW,282,13
AliceSprings,WNW,36,13
BadgerysCreek,WNW,105,13
Ballarat,WNW,109,13
Bendigo,WNW,147,13
Brisbane,WNW,88,13
Cairns,WNW,13,13
Canberra,WNW,252,13
Cobar,WNW,90,13
CoffsHarbour,WNW,29,13
Dartmoor,WNW,130,13
Darwin,WNW,266,13
GoldCoast,WNW,79,13
Hobart,WNW,134,13
Katherine,WNW,42,13
Launceston,WNW,104,13
Melbourne,WNW,35,13
MelbourneAirport,WNW,58,13
Mildura,WNW,140,13
Moree,WNW,52,13
MountGambier,WNW,132,13
MountGinini,WNW,172,13
Newcastle,WNW,0,13
Nhil,WNW,83,13
NorahHead,WNW,95,13
NorfolkIsland,WNW,93,13
Nuriootpa,WNW,228,13
PearceRAAF,WNW,63,13
Penrith,WNW,132,13
Perth,WNW,103,13
PerthAirport,WNW,85,13
Portland,WNW,184,13
Richmond,WNW,110,13
Sale,WNW,207,13
SalmonGums,WNW,124,13
Sydney,WNW,57,13
SydneyAirport,WNW,132,13
Townsville,WNW,6,13
Tuggeranong,WNW,287,13
Uluru,WNW,27,13
WaggaWagga,WNW,175,13
Walpole,WNW,155,13
Watsonia,WNW,36,13
Williamtown,WNW,427,13
Witchcliffe,WNW,137,13
Wollongong,WNW,134,13
Woomera,WNW,41,13
Adelaide,NW,111,14
Albany,NW,0,14
Albury,NW,123,14
AliceSprings,NW,61,14
BadgerysCreek,NW,64,14
Ballarat,NW,70,14
Bendigo,NW,128,14
Brisbane,NW,13,14
Cairns,NW,5,14
Canberra,NW,662,14
Cobar,NW,79,14
CoffsHarbour,NW,57,14
Dartmoor,NW,173,14
Darwin,NW,210,14
GoldCoast,NW,111,14
Hobart,NW,448,14
Katherine,NW,60,14
Launceston,NW,500,14
Melbourne,NW,46,14
MelbourneAirport,NW,37,14
Mildura,NW,110,14
Moree,NW,45,14
MountGambier,NW,94,14
MountGinini,NW,228,14
Newcastle,NW,0,14
Nhil,NW,91,14
NorahHead,NW,49,14
NorfolkIsland,NW,60,14
Nuriootpa,NW,107,14
PearceRAAF,NW,50,14
Penrith,NW,127,14
Perth,NW,97,14
PerthAirport,NW,97,14
Portland,NW,117,14
Richmond,NW,57,14
Sale,NW,135,14
SalmonGums,NW,142,14
Sydney,NW,47,14
SydneyAirport,NW,112,14
Townsville,NW,10,14
Tuggeranong,NW,274,14
Uluru,NW,34,14
WaggaWagga,NW,79,14
Walpole,NW,222,14
Watsonia,NW,59,14
Williamtown,NW,154,14
Witchcliffe,NW,95,14
Wollongong,NW,118,14
Woomera,NW,65,14
Adelaide,NNW,125,15
Albany,NNW,0,15
Albury,NNW,103,15
AliceSprings,NNW,101,15
BadgerysCreek,NNW,27,15
Ballarat,NNW,126,15
Bendigo,NNW,100,15
Brisbane,NNW,28,15
Cairns,NNW,10,15
Canberra,NNW,313,15
Cobar,NNW,81,15
CoffsHarbour,NNW,55,15
Dartmoor,NNW,178,15
Darwin,NNW,160,15
GoldCoast,NNW,44,15
Hobart,NNW,495,15
Katherine,NNW,30,15
Launceston,NNW,647,15
Melbourne,NNW,79,15
MelbourneAirport,NNW,61,15
Mildura,NNW,74,15
Moree,NNW,40,15
MountGambier,NNW,137,15
MountGinini,NNW,72,15
Newcastle,NNW,0,15
Nhil,NNW,47,15
NorahHead,NNW,32,15
NorfolkIsland,NNW,35,15
Nuriootpa,NNW,56,15
PearceRAAF,NNW,56,15
Penrith,NNW,57,15
Perth,NNW,44,15
PerthAirport,NNW,44,15
Portland,NNW,136,15
Richmond,NNW,58,15
Sale,NNW,31,15
SalmonGums,NNW,103,15
Sydney,NNW,39,15
SydneyAirport,NNW,42,15
Townsville,NNW,26,15
Tuggeranong,NNW,146,15
Uluru,NNW,48,15
WaggaWagga,NNW,61,15
Walpole,NNW,63,15
Watsonia,NNW,123,15
Williamtown,NNW,15,15
Witchcliffe,NNW,103,15
Wollongong,NNW,83,15
Woomera,NNW,85,15
